﻿<?xml version="1.0" encoding="utf-8"?>
<eExact xmlns:xsi="http://www.w3.org/2001/XMLSchema-instance" xsi:noNamespaceSchemaLocation="eExact-XML.xsd">
  <Administrations>
    <Administration number="14">
      <Name>DEMO PWC2</Name>
      <Country code="FR" />
      <Currency code="EUR" />
      <StartDate>2016-05-04</StartDate>
      <BlockingStatus>0</BlockingStatus>
      <UserAdministrations>
        <UserAdministration>
          <User username="ravipwcfr">
          </User>
        </UserAdministration>
      </UserAdministrations>
      <AdministrationTypes>       
      </AdministrationTypes>
    </Administration>
  </Administrations>
  <Topics>
    <Topic code="Administrations" ts_d="0x000000007465F309" count="1" pagesize="1000" />
  </Topics>
  <Messages />
</eExact>