﻿<?xml version="1.0" encoding="utf-8"?>
<eExact xmlns:xsi="http://www.w3.org/2001/XMLSchema-instance" xsi:noNamespaceSchemaLocation="eExact-XML.xsd">
  <Users>
    <User username="Mana123GooD" authentication="2" gender="O">
      <LastName>Balu</LastName>
      <MiddleName>balu mid</MiddleName>
      <BirthName>Manavalan</BirthName>
      <BirthNamePrefix>Mana</BirthNamePrefix>
      <FirstName>Manavalan</FirstName>
      <Initials />
      <FullName>Manavalan Balu</FullName>
      <Title code="" />
      <Language code="" />
      <Nationality code="" />
      <Phone />
      <PhoneExt />
      <Mobile />
      <Email>manavalan.balu@pwc.com</Email>
      <SocialSecurityNumber />
      <NickName />
      <BirthDate>1984-01-01</BirthDate>
      <StartDate>2015-07-27</StartDate>
      <UserAdministrations />
    </User>
  </Users>
  <Topics>
    <Topic code="Users" ts_d="0x000000002CBA47E9" count="1" pagesize="1000" />
  </Topics>
  <Messages />
</eExact>